<?xml version="1.0" encoding="UTF-8"?>
<GenRun Id="synth_1" LaunchPart="xc7a100tcsg324-1" LaunchTime="1746883406" LaunchIncrCheckpoint="$PSRCDIR/utils_1/imports/synth_1/PWF_top.dcp">
  <File Type="PA-TCL" Name="PWF_top.tcl"/>
  <File Type="REPORTS-TCL" Name="PWF_top_reports.tcl"/>
  <File Type="RDS-RDS" Name="PWF_top.vds"/>
  <File Type="RDS-PROPCONSTRS" Name="PWF_top_drc_synth.rpt"/>
  <File Type="RDS-UTIL" Name="PWF_top_utilization_synth.rpt"/>
  <File Type="RDS-UTIL-PB" Name="PWF_top_utilization_synth.pb"/>
  <File Type="RDS-DCP" Name="PWF_top.dcp"/>
  <File Type="VDS-TIMINGSUMMARY" Name="PWF_top_timing_summary_synth.rpt"/>
  <File Type="VDS-TIMING-PB" Name="PWF_top_timing_summary_synth.pb"/>
  <FileSet Name="sources" Type="DesignSrcs" RelSrcDir="$PSRCDIR/sources_1" RelGenDir="$PGENDIR/sources_1">
    <Filter Type="Srcs"/>
    <File Path="$PSRCDIR/sources_1/imports/imports/ALU.vhd">
      <FileInfo>
        <Attr Name="ImportPath" Val="$PPRDIR/../PWF_nt_0205/PWF_nt_0205.srcs/sources_1/imports/PWF_0205.srcs/sources_1/imports/sources_1/imports/ALU.vhd"/>
        <Attr Name="ImportTime" Val="1746168595"/>
        <Attr Name="UsedIn" Val="synthesis"/>
        <Attr Name="UsedIn" Val="simulation"/>
      </FileInfo>
    </File>
    <File Path="$PSRCDIR/sources_1/imports/imports/Datapath.vhd">
      <FileInfo>
        <Attr Name="ImportPath" Val="$PPRDIR/../PWF_nt_0205/PWF_nt_0205.srcs/sources_1/imports/PWF_0205.srcs/sources_1/imports/sources_1/imports/Datapath.vhd"/>
        <Attr Name="ImportTime" Val="1746168595"/>
        <Attr Name="UsedIn" Val="synthesis"/>
        <Attr Name="UsedIn" Val="simulation"/>
      </FileInfo>
    </File>
    <File Path="$PSRCDIR/sources_1/imports/imports/DestinationDecoder.vhd">
      <FileInfo>
        <Attr Name="ImportPath" Val="$PPRDIR/../PWF_nt_0205/PWF_nt_0205.srcs/sources_1/imports/PWF_0205.srcs/sources_1/imports/sources_1/imports/DestinationDecoder.vhd"/>
        <Attr Name="ImportTime" Val="1746168595"/>
        <Attr Name="UsedIn" Val="synthesis"/>
        <Attr Name="UsedIn" Val="simulation"/>
      </FileInfo>
    </File>
    <File Path="$PSRCDIR/sources_1/new/DivClk.vhd">
      <FileInfo>
        <Attr Name="UsedIn" Val="synthesis"/>
        <Attr Name="UsedIn" Val="simulation"/>
      </FileInfo>
    </File>
    <File Path="$PSRCDIR/sources_1/imports/imports/FullAdder.vhd">
      <FileInfo>
        <Attr Name="ImportPath" Val="$PPRDIR/../PWF_nt_0205/PWF_nt_0205.srcs/sources_1/imports/PWF_0205.srcs/sources_1/imports/sources_1/imports/FullAdder.vhd"/>
        <Attr Name="ImportTime" Val="1746168595"/>
        <Attr Name="UsedIn" Val="synthesis"/>
        <Attr Name="UsedIn" Val="simulation"/>
      </FileInfo>
    </File>
    <File Path="$PSRCDIR/sources_1/imports/imports/FunctionSelect.vhd">
      <FileInfo>
        <Attr Name="ImportPath" Val="$PPRDIR/../PWF_nt_0205/PWF_nt_0205.srcs/sources_1/imports/PWF_0205.srcs/sources_1/imports/sources_1/imports/FunctionSelect.vhd"/>
        <Attr Name="ImportTime" Val="1746168595"/>
        <Attr Name="UsedIn" Val="synthesis"/>
        <Attr Name="UsedIn" Val="simulation"/>
      </FileInfo>
    </File>
    <File Path="$PSRCDIR/sources_1/imports/imports/FunctionUnit.vhd">
      <FileInfo>
        <Attr Name="ImportPath" Val="$PPRDIR/../PWF_nt_0205/PWF_nt_0205.srcs/sources_1/imports/PWF_0205.srcs/sources_1/imports/sources_1/imports/FunctionUnit.vhd"/>
        <Attr Name="ImportTime" Val="1746168595"/>
        <Attr Name="UsedIn" Val="synthesis"/>
        <Attr Name="UsedIn" Val="simulation"/>
      </FileInfo>
    </File>
    <File Path="$PSRCDIR/sources_1/imports/imports/HalfAdder.vhd">
      <FileInfo>
        <Attr Name="ImportPath" Val="$PPRDIR/../PWF_nt_0205/PWF_nt_0205.srcs/sources_1/imports/PWF_0205.srcs/sources_1/imports/sources_1/imports/HalfAdder.vhd"/>
        <Attr Name="ImportTime" Val="1746168595"/>
        <Attr Name="UsedIn" Val="synthesis"/>
        <Attr Name="UsedIn" Val="simulation"/>
      </FileInfo>
    </File>
    <File Path="$PSRCDIR/sources_1/imports/imports/InstructionDecoderController.vhd">
      <FileInfo>
        <Attr Name="ImportPath" Val="$PPRDIR/../PWF_nt_0205/PWF_nt_0205.srcs/sources_1/imports/PWF_0205.srcs/sources_1/imports/sources_1/imports/InstructionDecoderController.vhd"/>
        <Attr Name="ImportTime" Val="1746168595"/>
        <Attr Name="UsedIn" Val="synthesis"/>
        <Attr Name="UsedIn" Val="simulation"/>
      </FileInfo>
    </File>
    <File Path="$PSRCDIR/sources_1/imports/imports/InstructionRegister.vhd">
      <FileInfo>
        <Attr Name="ImportPath" Val="$PPRDIR/../PWF_nt_0205/PWF_nt_0205.srcs/sources_1/imports/PWF_0205.srcs/sources_1/imports/sources_1/imports/InstructionRegister.vhd"/>
        <Attr Name="ImportTime" Val="1746168595"/>
        <Attr Name="UsedIn" Val="synthesis"/>
        <Attr Name="UsedIn" Val="simulation"/>
      </FileInfo>
    </File>
    <File Path="$PSRCDIR/sources_1/imports/imports/LogicCalc.vhd">
      <FileInfo>
        <Attr Name="ImportPath" Val="$PPRDIR/../PWF_nt_0205/PWF_nt_0205.srcs/sources_1/imports/PWF_0205.srcs/sources_1/imports/sources_1/imports/LogicCalc.vhd"/>
        <Attr Name="ImportTime" Val="1746168595"/>
        <Attr Name="UsedIn" Val="synthesis"/>
        <Attr Name="UsedIn" Val="simulation"/>
      </FileInfo>
    </File>
    <File Path="$PSRCDIR/sources_1/imports/imports/Logic_block.vhd">
      <FileInfo>
        <Attr Name="ImportPath" Val="$PPRDIR/../PWF_nt_0205/PWF_nt_0205.srcs/sources_1/imports/PWF_0205.srcs/sources_1/imports/sources_1/imports/Logic_block.vhd"/>
        <Attr Name="ImportTime" Val="1746168595"/>
        <Attr Name="UsedIn" Val="synthesis"/>
        <Attr Name="UsedIn" Val="simulation"/>
      </FileInfo>
    </File>
    <File Path="$PSRCDIR/sources_1/imports/imports/MUX16to1.vhd">
      <FileInfo>
        <Attr Name="ImportPath" Val="$PPRDIR/../PWF_nt_0205/PWF_nt_0205.srcs/sources_1/imports/PWF_0205.srcs/sources_1/imports/sources_1/imports/MUX16to1.vhd"/>
        <Attr Name="ImportTime" Val="1746168596"/>
        <Attr Name="UsedIn" Val="synthesis"/>
        <Attr Name="UsedIn" Val="simulation"/>
      </FileInfo>
    </File>
    <File Path="$PSRCDIR/sources_1/imports/imports/MUX16to1_8bit.vhd">
      <FileInfo>
        <Attr Name="ImportPath" Val="$PPRDIR/../PWF_nt_0205/PWF_nt_0205.srcs/sources_1/imports/PWF_0205.srcs/sources_1/imports/sources_1/imports/MUX16to1_8bit.vhd"/>
        <Attr Name="ImportTime" Val="1746168596"/>
        <Attr Name="UsedIn" Val="synthesis"/>
        <Attr Name="UsedIn" Val="simulation"/>
      </FileInfo>
    </File>
    <File Path="$PSRCDIR/sources_1/imports/imports/MUX2to1.vhd">
      <FileInfo>
        <Attr Name="ImportPath" Val="$PPRDIR/../PWF_nt_0205/PWF_nt_0205.srcs/sources_1/imports/PWF_0205.srcs/sources_1/imports/sources_1/imports/MUX2to1.vhd"/>
        <Attr Name="ImportTime" Val="1746168596"/>
        <Attr Name="UsedIn" Val="synthesis"/>
        <Attr Name="UsedIn" Val="simulation"/>
      </FileInfo>
    </File>
    <File Path="$PSRCDIR/sources_1/imports/imports/MUX2to1_16bit.vhd">
      <FileInfo>
        <Attr Name="ImportPath" Val="$PPRDIR/../PWF_nt_0205/PWF_nt_0205.srcs/sources_1/imports/PWF_0205.srcs/sources_1/imports/sources_1/imports/MUX2to1_16bit.vhd"/>
        <Attr Name="ImportTime" Val="1746172961"/>
        <Attr Name="UsedIn" Val="synthesis"/>
        <Attr Name="UsedIn" Val="simulation"/>
      </FileInfo>
    </File>
    <File Path="$PSRCDIR/sources_1/imports/imports/MUX2to1_8bit.vhd">
      <FileInfo>
        <Attr Name="ImportPath" Val="$PPRDIR/../PWF_nt_0205/PWF_nt_0205.srcs/sources_1/imports/PWF_0205.srcs/sources_1/imports/sources_1/imports/MUX2to1_8bit.vhd"/>
        <Attr Name="ImportTime" Val="1746172002"/>
        <Attr Name="UsedIn" Val="synthesis"/>
        <Attr Name="UsedIn" Val="simulation"/>
      </FileInfo>
    </File>
    <File Path="$PSRCDIR/sources_1/imports/imports/MUX4_1.vhd">
      <FileInfo>
        <Attr Name="ImportPath" Val="$PPRDIR/../PWF_nt_0205/PWF_nt_0205.srcs/sources_1/imports/PWF_0205.srcs/sources_1/imports/sources_1/imports/MUX4_1.vhd"/>
        <Attr Name="ImportTime" Val="1746168596"/>
        <Attr Name="UsedIn" Val="synthesis"/>
        <Attr Name="UsedIn" Val="simulation"/>
      </FileInfo>
    </File>
    <File Path="$PSRCDIR/sources_1/imports/imports/MUX4to1.vhd">
      <FileInfo>
        <Attr Name="ImportPath" Val="$PPRDIR/../PWF_nt_0205/PWF_nt_0205.srcs/sources_1/imports/PWF_0205.srcs/sources_1/imports/sources_1/imports/MUX4to1.vhd"/>
        <Attr Name="ImportTime" Val="1746168596"/>
        <Attr Name="UsedIn" Val="synthesis"/>
        <Attr Name="UsedIn" Val="simulation"/>
      </FileInfo>
    </File>
    <File Path="$PSRCDIR/sources_1/imports/imports/MUXF.vhd">
      <FileInfo>
        <Attr Name="ImportPath" Val="$PPRDIR/../PWF_nt_0205/PWF_nt_0205.srcs/sources_1/imports/PWF_0205.srcs/sources_1/imports/sources_1/imports/MUXF.vhd"/>
        <Attr Name="ImportTime" Val="1746168596"/>
        <Attr Name="UsedIn" Val="synthesis"/>
        <Attr Name="UsedIn" Val="simulation"/>
      </FileInfo>
    </File>
    <File Path="$PSRCDIR/sources_1/imports/imports/MicroprogramController.vhd">
      <FileInfo>
        <Attr Name="ImportPath" Val="$PPRDIR/../PWF_nt_0205/PWF_nt_0205.srcs/sources_1/imports/PWF_0205.srcs/sources_1/imports/sources_1/imports/MicroprogramController.vhd"/>
        <Attr Name="ImportTime" Val="1746168595"/>
        <Attr Name="UsedIn" Val="synthesis"/>
        <Attr Name="UsedIn" Val="simulation"/>
      </FileInfo>
    </File>
    <File Path="$PSRCDIR/sources_1/imports/imports/Mux.vhd">
      <FileInfo>
        <Attr Name="ImportPath" Val="$PPRDIR/../PWF_nt_0205/PWF_nt_0205.srcs/sources_1/imports/PWF_0205.srcs/sources_1/imports/sources_1/imports/Mux.vhd"/>
        <Attr Name="ImportTime" Val="1746168596"/>
        <Attr Name="UsedIn" Val="synthesis"/>
        <Attr Name="UsedIn" Val="simulation"/>
      </FileInfo>
    </File>
    <File Path="$PSRCDIR/sources_1/imports/imports/NegZero.vhd">
      <FileInfo>
        <Attr Name="ImportPath" Val="$PPRDIR/../PWF_nt_0205/PWF_nt_0205.srcs/sources_1/imports/PWF_0205.srcs/sources_1/imports/sources_1/imports/NegZero.vhd"/>
        <Attr Name="ImportTime" Val="1746168596"/>
        <Attr Name="UsedIn" Val="synthesis"/>
        <Attr Name="UsedIn" Val="simulation"/>
      </FileInfo>
    </File>
    <File Path="$PSRCDIR/sources_1/imports/imports/PortReg8x8.vhd">
      <FileInfo>
        <Attr Name="ImportPath" Val="$PPRDIR/../PWF_nt_0205/PWF_nt_0205.srcs/sources_1/imports/PWF_0205.srcs/sources_1/imports/sources_1/imports/PortReg8x8.vhd"/>
        <Attr Name="ImportTime" Val="1746168596"/>
        <Attr Name="UsedIn" Val="synthesis"/>
        <Attr Name="UsedIn" Val="simulation"/>
      </FileInfo>
    </File>
    <File Path="$PSRCDIR/sources_1/imports/imports/ProgramCounter.vhd">
      <FileInfo>
        <Attr Name="ImportPath" Val="$PPRDIR/../PWF_nt_0205/PWF_nt_0205.srcs/sources_1/imports/PWF_0205.srcs/sources_1/imports/sources_1/imports/ProgramCounter.vhd"/>
        <Attr Name="ImportTime" Val="1746168596"/>
        <Attr Name="UsedIn" Val="synthesis"/>
        <Attr Name="UsedIn" Val="simulation"/>
      </FileInfo>
    </File>
    <File Path="$PSRCDIR/sources_1/imports/imports/RCA.vhd">
      <FileInfo>
        <Attr Name="ImportPath" Val="$PPRDIR/../PWF_nt_0205/PWF_nt_0205.srcs/sources_1/imports/PWF_0205.srcs/sources_1/imports/sources_1/imports/RCA.vhd"/>
        <Attr Name="ImportTime" Val="1746168596"/>
        <Attr Name="UsedIn" Val="synthesis"/>
        <Attr Name="UsedIn" Val="simulation"/>
      </FileInfo>
    </File>
    <File Path="$PSRCDIR/sources_1/imports/imports/Reg.vhd">
      <FileInfo>
        <Attr Name="ImportPath" Val="$PPRDIR/../PWF_nt_0205/PWF_nt_0205.srcs/sources_1/imports/PWF_0205.srcs/sources_1/imports/sources_1/imports/Reg.vhd"/>
        <Attr Name="ImportTime" Val="1746168596"/>
        <Attr Name="UsedIn" Val="synthesis"/>
        <Attr Name="UsedIn" Val="simulation"/>
      </FileInfo>
    </File>
    <File Path="$PSRCDIR/sources_1/imports/imports/Reg8x8.vhd">
      <FileInfo>
        <Attr Name="ImportPath" Val="$PPRDIR/../PWF_nt_0205/PWF_nt_0205.srcs/sources_1/imports/PWF_0205.srcs/sources_1/imports/sources_1/imports/Reg8x8.vhd"/>
        <Attr Name="ImportTime" Val="1746168596"/>
        <Attr Name="UsedIn" Val="synthesis"/>
        <Attr Name="UsedIn" Val="simulation"/>
      </FileInfo>
    </File>
    <File Path="$PSRCDIR/sources_1/imports/imports/RegisterFile.vhd">
      <FileInfo>
        <Attr Name="ImportPath" Val="$PPRDIR/../PWF_nt_0205/PWF_nt_0205.srcs/sources_1/imports/PWF_0205.srcs/sources_1/imports/sources_1/imports/RegisterFile.vhd"/>
        <Attr Name="ImportTime" Val="1746168596"/>
        <Attr Name="UsedIn" Val="synthesis"/>
        <Attr Name="UsedIn" Val="simulation"/>
      </FileInfo>
    </File>
    <File Path="$PSRCDIR/sources_1/imports/imports/RegisterR16.vhd">
      <FileInfo>
        <Attr Name="ImportPath" Val="$PPRDIR/../PWF_nt_0205/PWF_nt_0205.srcs/sources_1/imports/PWF_0205.srcs/sources_1/imports/sources_1/imports/RegisterR16.vhd"/>
        <Attr Name="ImportTime" Val="1746168596"/>
        <Attr Name="UsedIn" Val="synthesis"/>
        <Attr Name="UsedIn" Val="simulation"/>
      </FileInfo>
    </File>
    <File Path="$PSRCDIR/sources_1/imports/imports/Register_8bit.vhd">
      <FileInfo>
        <Attr Name="ImportPath" Val="$PPRDIR/../PWF_nt_0205/PWF_nt_0205.srcs/sources_1/imports/PWF_0205.srcs/sources_1/imports/sources_1/imports/Register_8bit.vhd"/>
        <Attr Name="ImportTime" Val="1746168596"/>
        <Attr Name="UsedIn" Val="synthesis"/>
        <Attr Name="UsedIn" Val="simulation"/>
      </FileInfo>
    </File>
    <File Path="$PSRCDIR/sources_1/imports/imports/SevenSeg.vhd">
      <FileInfo>
        <Attr Name="ImportPath" Val="$PPRDIR/../PWF_nt_0205/PWF_nt_0205.srcs/sources_1/imports/PWF_0205.srcs/sources_1/imports/sources_1/imports/SevenSeg.vhd"/>
        <Attr Name="ImportTime" Val="1746168596"/>
        <Attr Name="UsedIn" Val="synthesis"/>
        <Attr Name="UsedIn" Val="simulation"/>
      </FileInfo>
    </File>
    <File Path="$PSRCDIR/sources_1/imports/imports/Shifter.vhd">
      <FileInfo>
        <Attr Name="ImportPath" Val="$PPRDIR/../PWF_nt_0205/PWF_nt_0205.srcs/sources_1/imports/PWF_0205.srcs/sources_1/imports/sources_1/imports/Shifter.vhd"/>
        <Attr Name="ImportTime" Val="1746168596"/>
        <Attr Name="UsedIn" Val="synthesis"/>
        <Attr Name="UsedIn" Val="simulation"/>
      </FileInfo>
    </File>
    <File Path="$PSRCDIR/sources_1/imports/imports/SignExtender.vhd">
      <FileInfo>
        <Attr Name="ImportPath" Val="$PPRDIR/../PWF_nt_0205/PWF_nt_0205.srcs/sources_1/imports/PWF_0205.srcs/sources_1/imports/sources_1/imports/SignExtender.vhd"/>
        <Attr Name="ImportTime" Val="1746168596"/>
        <Attr Name="UsedIn" Val="synthesis"/>
        <Attr Name="UsedIn" Val="simulation"/>
      </FileInfo>
    </File>
    <File Path="$PSRCDIR/sources_1/imports/imports/ZeroFiller.vhd">
      <FileInfo>
        <Attr Name="ImportPath" Val="$PPRDIR/../PWF_nt_0205/PWF_nt_0205.srcs/sources_1/imports/PWF_0205.srcs/sources_1/imports/sources_1/imports/ZeroFiller.vhd"/>
        <Attr Name="ImportTime" Val="1746168597"/>
        <Attr Name="UsedIn" Val="synthesis"/>
        <Attr Name="UsedIn" Val="simulation"/>
      </FileInfo>
    </File>
    <File Path="$PSRCDIR/sources_1/imports/imports/ZeroFiller2.vhd">
      <FileInfo>
        <Attr Name="ImportPath" Val="$PPRDIR/../PWF_nt_0205/PWF_nt_0205.srcs/sources_1/imports/PWF_0205.srcs/sources_1/imports/sources_1/imports/ZeroFiller2.vhd"/>
        <Attr Name="ImportTime" Val="1746173379"/>
        <Attr Name="UsedIn" Val="synthesis"/>
        <Attr Name="UsedIn" Val="simulation"/>
      </FileInfo>
    </File>
    <File Path="$PSRCDIR/sources_1/imports/imports/blockRAM.vhd">
      <FileInfo>
        <Attr Name="ImportPath" Val="$PPRDIR/../PWF_nt_0205/PWF_nt_0205.srcs/sources_1/imports/PWF_0205.srcs/sources_1/imports/sources_1/imports/blockRAM.vhd"/>
        <Attr Name="ImportTime" Val="1746175233"/>
        <Attr Name="UsedIn" Val="synthesis"/>
        <Attr Name="UsedIn" Val="simulation"/>
      </FileInfo>
    </File>
    <File Path="$PSRCDIR/sources_1/imports/imports/d_ff_en_reset.vhd">
      <FileInfo>
        <Attr Name="ImportPath" Val="$PPRDIR/../PWF_nt_0205/PWF_nt_0205.srcs/sources_1/imports/PWF_0205.srcs/sources_1/imports/sources_1/imports/d_ff_en_reset.vhd"/>
        <Attr Name="ImportTime" Val="1746168595"/>
        <Attr Name="UsedIn" Val="synthesis"/>
        <Attr Name="UsedIn" Val="simulation"/>
      </FileInfo>
    </File>
    <File Path="$PSRCDIR/sources_1/imports/imports/decoder2to4.vhd">
      <FileInfo>
        <Attr Name="ImportPath" Val="$PPRDIR/../PWF_nt_0205/PWF_nt_0205.srcs/sources_1/imports/PWF_0205.srcs/sources_1/imports/sources_1/imports/decoder2to4.vhd"/>
        <Attr Name="ImportTime" Val="1746168595"/>
        <Attr Name="UsedIn" Val="synthesis"/>
        <Attr Name="UsedIn" Val="simulation"/>
      </FileInfo>
    </File>
    <File Path="$PSRCDIR/sources_1/new/PWF_top.vhd">
      <FileInfo>
        <Attr Name="UsedIn" Val="synthesis"/>
        <Attr Name="UsedIn" Val="simulation"/>
      </FileInfo>
    </File>
    <Config>
      <Option Name="DesignMode" Val="RTL"/>
      <Option Name="TopModule" Val="PWF_top"/>
      <Option Name="TopAutoSet" Val="TRUE"/>
    </Config>
  </FileSet>
  <FileSet Name="constrs_in" Type="Constrs" RelSrcDir="$PSRCDIR/constrs_1" RelGenDir="$PGENDIR/constrs_1">
    <Filter Type="Constrs"/>
    <File Path="$PSRCDIR/constrs_1/imports/Downloads/Nexys_4_DDR_Master.xdc">
      <FileInfo>
        <Attr Name="ImportPath" Val="$PPRDIR/../Downloads/Nexys_4_DDR_Master.xdc"/>
        <Attr Name="ImportTime" Val="1738922936"/>
        <Attr Name="UsedIn" Val="synthesis"/>
        <Attr Name="UsedIn" Val="implementation"/>
      </FileInfo>
    </File>
    <Config>
      <Option Name="ConstrsType" Val="XDC"/>
    </Config>
  </FileSet>
  <FileSet Name="utils" Type="Utils" RelSrcDir="$PSRCDIR/utils_1" RelGenDir="$PGENDIR/utils_1">
    <Filter Type="Utils"/>
    <File Path="$PSRCDIR/utils_1/imports/synth_1/PWF_top.dcp">
      <FileInfo>
        <Attr Name="UsedIn" Val="synthesis"/>
        <Attr Name="UsedIn" Val="implementation"/>
        <Attr Name="UsedInSteps" Val="synth_1"/>
        <Attr Name="AutoDcp" Val="1"/>
      </FileInfo>
    </File>
    <Config>
      <Option Name="TopAutoSet" Val="TRUE"/>
    </Config>
  </FileSet>
  <Strategy Version="1" Minor="2">
    <StratHandle Name="Vivado Synthesis Defaults" Flow="Vivado Synthesis 2024"/>
    <Step Id="synth_design"/>
  </Strategy>
</GenRun>
