<?xml version="1.0" encoding="UTF-8"?>
<GenRun Id="impl_1" LaunchPart="xc7a100tcsg324-1" LaunchTime="1746883407">
  <File Type="PA-TCL" Name="PWF_top.tcl"/>
  <File Type="REPORTS-TCL" Name="PWF_top_reports.tcl"/>
  <File Type="INIT-TIMING" Name="PWF_top_timing_summary_init.rpt"/>
  <File Type="OPT-DCP" Name="PWF_top_opt.dcp"/>
  <File Type="OPT-DRC" Name="PWF_top_drc_opted.rpt"/>
  <File Type="OPT-METHODOLOGY-DRC" Name="PWF_top_methodology_drc_opted.rpt"/>
  <File Type="OPT-HWDEF" Name="PWF_top.hwdef"/>
  <File Type="OPT-TIMING" Name="PWF_top_timing_summary_opted.rpt"/>
  <File Type="OPT-RQA-PB" Name="PWF_top_rqa_opted.pb"/>
  <File Type="PWROPT-DCP" Name="PWF_top_pwropt.dcp"/>
  <File Type="PWROPT-DRC" Name="PWF_top_drc_pwropted.rpt"/>
  <File Type="PWROPT-TIMING" Name="PWF_top_timing_summary_pwropted.rpt"/>
  <File Type="PLACE-DCP" Name="PWF_top_placed.dcp"/>
  <File Type="PLACE-IO" Name="PWF_top_io_placed.rpt"/>
  <File Type="PLACE-CLK" Name="PWF_top_clock_utilization_placed.rpt"/>
  <File Type="PLACE-UTIL" Name="PWF_top_utilization_placed.rpt"/>
  <File Type="PLACE-UTIL-PB" Name="PWF_top_utilization_placed.pb"/>
  <File Type="PLACE-CTRL" Name="PWF_top_control_sets_placed.rpt"/>
  <File Type="PLACE-SIMILARITY" Name="PWF_top_incremental_reuse_placed.rpt"/>
  <File Type="PLACE-PRE-SIMILARITY" Name="PWF_top_incremental_reuse_pre_placed.rpt"/>
  <File Type="PLACE-TIMING" Name="PWF_top_timing_summary_placed.rpt"/>
  <File Type="PLACE-RQA-PB" Name="PWF_top_rqa_placed.pb"/>
  <File Type="POSTPLACE-PWROPT-DCP" Name="PWF_top_postplace_pwropt.dcp"/>
  <File Type="POSTPLACE-PWROPT-TIMING" Name="PWF_top_timing_summary_postplace_pwropted.rpt"/>
  <File Type="PHYSOPT-DCP" Name="PWF_top_physopt.dcp"/>
  <File Type="PHYSOPT-DRC" Name="PWF_top_drc_physopted.rpt"/>
  <File Type="PHYSOPT-TIMING" Name="PWF_top_timing_summary_physopted.rpt"/>
  <File Type="ROUTE-ERROR-DCP" Name="PWF_top_routed_error.dcp"/>
  <File Type="ROUTE-DCP" Name="PWF_top_routed.dcp"/>
  <File Type="ROUTE-BLACKBOX-DCP" Name="PWF_top_routed_bb.dcp"/>
  <File Type="ROUTE-DRC" Name="PWF_top_drc_routed.rpt"/>
  <File Type="ROUTE-DRC-PB" Name="PWF_top_drc_routed.pb"/>
  <File Type="ROUTE-DRC-RPX" Name="PWF_top_drc_routed.rpx"/>
  <File Type="ROUTE-METHODOLOGY-DRC" Name="PWF_top_methodology_drc_routed.rpt"/>
  <File Type="ROUTE-METHODOLOGY-DRC-RPX" Name="PWF_top_methodology_drc_routed.rpx"/>
  <File Type="ROUTE-METHODOLOGY-DRC-PB" Name="PWF_top_methodology_drc_routed.pb"/>
  <File Type="ROUTE-PWR" Name="PWF_top_power_routed.rpt"/>
  <File Type="ROUTE-PWR-SUM" Name="PWF_top_power_summary_routed.pb"/>
  <File Type="ROUTE-PWR-RPX" Name="PWF_top_power_routed.rpx"/>
  <File Type="ROUTE-STATUS" Name="PWF_top_route_status.rpt"/>
  <File Type="ROUTE-STATUS-PB" Name="PWF_top_route_status.pb"/>
  <File Type="ROUTE-TIMINGSUMMARY" Name="PWF_top_timing_summary_routed.rpt"/>
  <File Type="ROUTE-TIMING-PB" Name="PWF_top_timing_summary_routed.pb"/>
  <File Type="ROUTE-TIMING-RPX" Name="PWF_top_timing_summary_routed.rpx"/>
  <File Type="ROUTE-SIMILARITY" Name="PWF_top_incremental_reuse_routed.rpt"/>
  <File Type="ROUTE-CLK" Name="PWF_top_clock_utilization_routed.rpt"/>
  <File Type="ROUTE-BUS-SKEW" Name="PWF_top_bus_skew_routed.rpt"/>
  <File Type="ROUTE-BUS-SKEW-PB" Name="PWF_top_bus_skew_routed.pb"/>
  <File Type="ROUTE-BUS-SKEW-RPX" Name="PWF_top_bus_skew_routed.rpx"/>
  <File Type="ROUTE-RQS-PB" Name="PWF_top_rqs_routed.pb"/>
  <File Type="POSTROUTE-PHYSOPT-DCP" Name="PWF_top_postroute_physopt.dcp"/>
  <File Type="POSTROUTE-PHYSOPT-BLACKBOX-DCP" Name="PWF_top_postroute_physopt_bb.dcp"/>
  <File Type="POSTROUTE-PHYSOPT-TIMING" Name="PWF_top_timing_summary_postroute_physopted.rpt"/>
  <File Type="POSTROUTE-PHYSOPT-TIMING-PB" Name="PWF_top_timing_summary_postroute_physopted.pb"/>
  <File Type="POSTROUTE-PHYSOPT-TIMING-RPX" Name="PWF_top_timing_summary_postroute_physopted.rpx"/>
  <File Type="POSTROUTE-PHYSOPT-BUS-SKEW" Name="PWF_top_bus_skew_postroute_physopted.rpt"/>
  <File Type="POSTROUTE-PHYSOPT-BUS-SKEW-PB" Name="PWF_top_bus_skew_postroute_physopted.pb"/>
  <File Type="POSTROUTE-PHYSOPT-BUS-SKEW-RPX" Name="PWF_top_bus_skew_postroute_physopted.rpx"/>
  <File Type="BG-BIT" Name="PWF_top.bit"/>
  <File Type="BG-BIN" Name="PWF_top.bin"/>
  <File Type="BITSTR-MSK" Name="PWF_top.msk"/>
  <File Type="BITSTR-RBT" Name="PWF_top.rbt"/>
  <File Type="BITSTR-NKY" Name="PWF_top.nky"/>
  <File Type="BITSTR-BMM" Name="PWF_top_bd.bmm"/>
  <File Type="BITSTR-MMI" Name="PWF_top.mmi"/>
  <File Type="PDI-FILE" Name="PWF_top.pdi"/>
  <File Type="BOOT-PDI-FILE" Name="PWF_top_boot.pdi"/>
  <File Type="PL-PDI-FILE" Name="PWF_top_pld.pdi"/>
  <File Type="RCFI_FILE" Name="PWF_top.rcfi"/>
  <File Type="CFI_FILE" Name="PWF_top.cfi"/>
  <File Type="RNPI_FILE" Name="PWF_top.rnpi"/>
  <File Type="NPI_FILE" Name="PWF_top.npi"/>
  <File Type="RBD_FILE" Name="PWF_top.rbd"/>
  <File Type="BITSTR-LTX" Name="debug_nets.ltx"/>
  <File Type="BITSTR-LTX" Name="PWF_top.ltx"/>
  <File Type="BITSTR-SYSDEF" Name="PWF_top.sysdef"/>
  <File Type="BG-BGN" Name="PWF_top.bgn"/>
  <File Type="BG-DRC" Name="PWF_top.drc"/>
  <File Type="RDI-RDI" Name="PWF_top.vdi"/>
  <File Type="WBT-USG" Name="usage_statistics_webtalk.html"/>
  <File Type="ROUTE-RQS" Name="PWF_top_routed.rqs"/>
  <File Type="POSTROUTE-PHYSOPT-RQS" Name="PWF_top_postroute_physopted.rqs"/>
  <File Type="ROUTE-RQS-RPT" Name="route_report_qor_suggestions_0.rpt"/>
  <File Type="POSTROUTE-PHYSOPT-RQS-RPT" Name="postroute_physopt_report_qor_suggestions_0.rpt"/>
  <FileSet Name="sources" Type="DesignSrcs" RelSrcDir="$PSRCDIR/sources_1" RelGenDir="$PGENDIR/sources_1">
    <Filter Type="Srcs"/>
    <File Path="$PSRCDIR/sources_1/imports/imports/ALU.vhd">
      <FileInfo>
        <Attr Name="ImportPath" Val="$PPRDIR/../PWF_nt_0205/PWF_nt_0205.srcs/sources_1/imports/PWF_0205.srcs/sources_1/imports/sources_1/imports/ALU.vhd"/>
        <Attr Name="ImportTime" Val="1746168595"/>
        <Attr Name="UsedIn" Val="synthesis"/>
        <Attr Name="UsedIn" Val="simulation"/>
      </FileInfo>
    </File>
    <File Path="$PSRCDIR/sources_1/imports/imports/Datapath.vhd">
      <FileInfo>
        <Attr Name="ImportPath" Val="$PPRDIR/../PWF_nt_0205/PWF_nt_0205.srcs/sources_1/imports/PWF_0205.srcs/sources_1/imports/sources_1/imports/Datapath.vhd"/>
        <Attr Name="ImportTime" Val="1746168595"/>
        <Attr Name="UsedIn" Val="synthesis"/>
        <Attr Name="UsedIn" Val="simulation"/>
      </FileInfo>
    </File>
    <File Path="$PSRCDIR/sources_1/imports/imports/DestinationDecoder.vhd">
      <FileInfo>
        <Attr Name="ImportPath" Val="$PPRDIR/../PWF_nt_0205/PWF_nt_0205.srcs/sources_1/imports/PWF_0205.srcs/sources_1/imports/sources_1/imports/DestinationDecoder.vhd"/>
        <Attr Name="ImportTime" Val="1746168595"/>
        <Attr Name="UsedIn" Val="synthesis"/>
        <Attr Name="UsedIn" Val="simulation"/>
      </FileInfo>
    </File>
    <File Path="$PSRCDIR/sources_1/new/DivClk.vhd">
      <FileInfo>
        <Attr Name="UsedIn" Val="synthesis"/>
        <Attr Name="UsedIn" Val="simulation"/>
      </FileInfo>
    </File>
    <File Path="$PSRCDIR/sources_1/imports/imports/FullAdder.vhd">
      <FileInfo>
        <Attr Name="ImportPath" Val="$PPRDIR/../PWF_nt_0205/PWF_nt_0205.srcs/sources_1/imports/PWF_0205.srcs/sources_1/imports/sources_1/imports/FullAdder.vhd"/>
        <Attr Name="ImportTime" Val="1746168595"/>
        <Attr Name="UsedIn" Val="synthesis"/>
        <Attr Name="UsedIn" Val="simulation"/>
      </FileInfo>
    </File>
    <File Path="$PSRCDIR/sources_1/imports/imports/FunctionSelect.vhd">
      <FileInfo>
        <Attr Name="ImportPath" Val="$PPRDIR/../PWF_nt_0205/PWF_nt_0205.srcs/sources_1/imports/PWF_0205.srcs/sources_1/imports/sources_1/imports/FunctionSelect.vhd"/>
        <Attr Name="ImportTime" Val="1746168595"/>
        <Attr Name="UsedIn" Val="synthesis"/>
        <Attr Name="UsedIn" Val="simulation"/>
      </FileInfo>
    </File>
    <File Path="$PSRCDIR/sources_1/imports/imports/FunctionUnit.vhd">
      <FileInfo>
        <Attr Name="ImportPath" Val="$PPRDIR/../PWF_nt_0205/PWF_nt_0205.srcs/sources_1/imports/PWF_0205.srcs/sources_1/imports/sources_1/imports/FunctionUnit.vhd"/>
        <Attr Name="ImportTime" Val="1746168595"/>
        <Attr Name="UsedIn" Val="synthesis"/>
        <Attr Name="UsedIn" Val="simulation"/>
      </FileInfo>
    </File>
    <File Path="$PSRCDIR/sources_1/imports/imports/HalfAdder.vhd">
      <FileInfo>
        <Attr Name="ImportPath" Val="$PPRDIR/../PWF_nt_0205/PWF_nt_0205.srcs/sources_1/imports/PWF_0205.srcs/sources_1/imports/sources_1/imports/HalfAdder.vhd"/>
        <Attr Name="ImportTime" Val="1746168595"/>
        <Attr Name="UsedIn" Val="synthesis"/>
        <Attr Name="UsedIn" Val="simulation"/>
      </FileInfo>
    </File>
    <File Path="$PSRCDIR/sources_1/imports/imports/InstructionDecoderController.vhd">
      <FileInfo>
        <Attr Name="ImportPath" Val="$PPRDIR/../PWF_nt_0205/PWF_nt_0205.srcs/sources_1/imports/PWF_0205.srcs/sources_1/imports/sources_1/imports/InstructionDecoderController.vhd"/>
        <Attr Name="ImportTime" Val="1746168595"/>
        <Attr Name="UsedIn" Val="synthesis"/>
        <Attr Name="UsedIn" Val="simulation"/>
      </FileInfo>
    </File>
    <File Path="$PSRCDIR/sources_1/imports/imports/InstructionRegister.vhd">
      <FileInfo>
        <Attr Name="ImportPath" Val="$PPRDIR/../PWF_nt_0205/PWF_nt_0205.srcs/sources_1/imports/PWF_0205.srcs/sources_1/imports/sources_1/imports/InstructionRegister.vhd"/>
        <Attr Name="ImportTime" Val="1746168595"/>
        <Attr Name="UsedIn" Val="synthesis"/>
        <Attr Name="UsedIn" Val="simulation"/>
      </FileInfo>
    </File>
    <File Path="$PSRCDIR/sources_1/imports/imports/LogicCalc.vhd">
      <FileInfo>
        <Attr Name="ImportPath" Val="$PPRDIR/../PWF_nt_0205/PWF_nt_0205.srcs/sources_1/imports/PWF_0205.srcs/sources_1/imports/sources_1/imports/LogicCalc.vhd"/>
        <Attr Name="ImportTime" Val="1746168595"/>
        <Attr Name="UsedIn" Val="synthesis"/>
        <Attr Name="UsedIn" Val="simulation"/>
      </FileInfo>
    </File>
    <File Path="$PSRCDIR/sources_1/imports/imports/Logic_block.vhd">
      <FileInfo>
        <Attr Name="ImportPath" Val="$PPRDIR/../PWF_nt_0205/PWF_nt_0205.srcs/sources_1/imports/PWF_0205.srcs/sources_1/imports/sources_1/imports/Logic_block.vhd"/>
        <Attr Name="ImportTime" Val="1746168595"/>
        <Attr Name="UsedIn" Val="synthesis"/>
        <Attr Name="UsedIn" Val="simulation"/>
      </FileInfo>
    </File>
    <File Path="$PSRCDIR/sources_1/imports/imports/MUX16to1.vhd">
      <FileInfo>
        <Attr Name="ImportPath" Val="$PPRDIR/../PWF_nt_0205/PWF_nt_0205.srcs/sources_1/imports/PWF_0205.srcs/sources_1/imports/sources_1/imports/MUX16to1.vhd"/>
        <Attr Name="ImportTime" Val="1746168596"/>
        <Attr Name="UsedIn" Val="synthesis"/>
        <Attr Name="UsedIn" Val="simulation"/>
      </FileInfo>
    </File>
    <File Path="$PSRCDIR/sources_1/imports/imports/MUX16to1_8bit.vhd">
      <FileInfo>
        <Attr Name="ImportPath" Val="$PPRDIR/../PWF_nt_0205/PWF_nt_0205.srcs/sources_1/imports/PWF_0205.srcs/sources_1/imports/sources_1/imports/MUX16to1_8bit.vhd"/>
        <Attr Name="ImportTime" Val="1746168596"/>
        <Attr Name="UsedIn" Val="synthesis"/>
        <Attr Name="UsedIn" Val="simulation"/>
      </FileInfo>
    </File>
    <File Path="$PSRCDIR/sources_1/imports/imports/MUX2to1.vhd">
      <FileInfo>
        <Attr Name="ImportPath" Val="$PPRDIR/../PWF_nt_0205/PWF_nt_0205.srcs/sources_1/imports/PWF_0205.srcs/sources_1/imports/sources_1/imports/MUX2to1.vhd"/>
        <Attr Name="ImportTime" Val="1746168596"/>
        <Attr Name="UsedIn" Val="synthesis"/>
        <Attr Name="UsedIn" Val="simulation"/>
      </FileInfo>
    </File>
    <File Path="$PSRCDIR/sources_1/imports/imports/MUX2to1_16bit.vhd">
      <FileInfo>
        <Attr Name="ImportPath" Val="$PPRDIR/../PWF_nt_0205/PWF_nt_0205.srcs/sources_1/imports/PWF_0205.srcs/sources_1/imports/sources_1/imports/MUX2to1_16bit.vhd"/>
        <Attr Name="ImportTime" Val="1746172961"/>
        <Attr Name="UsedIn" Val="synthesis"/>
        <Attr Name="UsedIn" Val="simulation"/>
      </FileInfo>
    </File>
    <File Path="$PSRCDIR/sources_1/imports/imports/MUX2to1_8bit.vhd">
      <FileInfo>
        <Attr Name="ImportPath" Val="$PPRDIR/../PWF_nt_0205/PWF_nt_0205.srcs/sources_1/imports/PWF_0205.srcs/sources_1/imports/sources_1/imports/MUX2to1_8bit.vhd"/>
        <Attr Name="ImportTime" Val="1746172002"/>
        <Attr Name="UsedIn" Val="synthesis"/>
        <Attr Name="UsedIn" Val="simulation"/>
      </FileInfo>
    </File>
    <File Path="$PSRCDIR/sources_1/imports/imports/MUX4_1.vhd">
      <FileInfo>
        <Attr Name="ImportPath" Val="$PPRDIR/../PWF_nt_0205/PWF_nt_0205.srcs/sources_1/imports/PWF_0205.srcs/sources_1/imports/sources_1/imports/MUX4_1.vhd"/>
        <Attr Name="ImportTime" Val="1746168596"/>
        <Attr Name="UsedIn" Val="synthesis"/>
        <Attr Name="UsedIn" Val="simulation"/>
      </FileInfo>
    </File>
    <File Path="$PSRCDIR/sources_1/imports/imports/MUX4to1.vhd">
      <FileInfo>
        <Attr Name="ImportPath" Val="$PPRDIR/../PWF_nt_0205/PWF_nt_0205.srcs/sources_1/imports/PWF_0205.srcs/sources_1/imports/sources_1/imports/MUX4to1.vhd"/>
        <Attr Name="ImportTime" Val="1746168596"/>
        <Attr Name="UsedIn" Val="synthesis"/>
        <Attr Name="UsedIn" Val="simulation"/>
      </FileInfo>
    </File>
    <File Path="$PSRCDIR/sources_1/imports/imports/MUXF.vhd">
      <FileInfo>
        <Attr Name="ImportPath" Val="$PPRDIR/../PWF_nt_0205/PWF_nt_0205.srcs/sources_1/imports/PWF_0205.srcs/sources_1/imports/sources_1/imports/MUXF.vhd"/>
        <Attr Name="ImportTime" Val="1746168596"/>
        <Attr Name="UsedIn" Val="synthesis"/>
        <Attr Name="UsedIn" Val="simulation"/>
      </FileInfo>
    </File>
    <File Path="$PSRCDIR/sources_1/imports/imports/MicroprogramController.vhd">
      <FileInfo>
        <Attr Name="ImportPath" Val="$PPRDIR/../PWF_nt_0205/PWF_nt_0205.srcs/sources_1/imports/PWF_0205.srcs/sources_1/imports/sources_1/imports/MicroprogramController.vhd"/>
        <Attr Name="ImportTime" Val="1746168595"/>
        <Attr Name="UsedIn" Val="synthesis"/>
        <Attr Name="UsedIn" Val="simulation"/>
      </FileInfo>
    </File>
    <File Path="$PSRCDIR/sources_1/imports/imports/Mux.vhd">
      <FileInfo>
        <Attr Name="ImportPath" Val="$PPRDIR/../PWF_nt_0205/PWF_nt_0205.srcs/sources_1/imports/PWF_0205.srcs/sources_1/imports/sources_1/imports/Mux.vhd"/>
        <Attr Name="ImportTime" Val="1746168596"/>
        <Attr Name="UsedIn" Val="synthesis"/>
        <Attr Name="UsedIn" Val="simulation"/>
      </FileInfo>
    </File>
    <File Path="$PSRCDIR/sources_1/imports/imports/NegZero.vhd">
      <FileInfo>
        <Attr Name="ImportPath" Val="$PPRDIR/../PWF_nt_0205/PWF_nt_0205.srcs/sources_1/imports/PWF_0205.srcs/sources_1/imports/sources_1/imports/NegZero.vhd"/>
        <Attr Name="ImportTime" Val="1746168596"/>
        <Attr Name="UsedIn" Val="synthesis"/>
        <Attr Name="UsedIn" Val="simulation"/>
      </FileInfo>
    </File>
    <File Path="$PSRCDIR/sources_1/imports/imports/PortReg8x8.vhd">
      <FileInfo>
        <Attr Name="ImportPath" Val="$PPRDIR/../PWF_nt_0205/PWF_nt_0205.srcs/sources_1/imports/PWF_0205.srcs/sources_1/imports/sources_1/imports/PortReg8x8.vhd"/>
        <Attr Name="ImportTime" Val="1746168596"/>
        <Attr Name="UsedIn" Val="synthesis"/>
        <Attr Name="UsedIn" Val="simulation"/>
      </FileInfo>
    </File>
    <File Path="$PSRCDIR/sources_1/imports/imports/ProgramCounter.vhd">
      <FileInfo>
        <Attr Name="ImportPath" Val="$PPRDIR/../PWF_nt_0205/PWF_nt_0205.srcs/sources_1/imports/PWF_0205.srcs/sources_1/imports/sources_1/imports/ProgramCounter.vhd"/>
        <Attr Name="ImportTime" Val="1746168596"/>
        <Attr Name="UsedIn" Val="synthesis"/>
        <Attr Name="UsedIn" Val="simulation"/>
      </FileInfo>
    </File>
    <File Path="$PSRCDIR/sources_1/imports/imports/RCA.vhd">
      <FileInfo>
        <Attr Name="ImportPath" Val="$PPRDIR/../PWF_nt_0205/PWF_nt_0205.srcs/sources_1/imports/PWF_0205.srcs/sources_1/imports/sources_1/imports/RCA.vhd"/>
        <Attr Name="ImportTime" Val="1746168596"/>
        <Attr Name="UsedIn" Val="synthesis"/>
        <Attr Name="UsedIn" Val="simulation"/>
      </FileInfo>
    </File>
    <File Path="$PSRCDIR/sources_1/imports/imports/Reg.vhd">
      <FileInfo>
        <Attr Name="ImportPath" Val="$PPRDIR/../PWF_nt_0205/PWF_nt_0205.srcs/sources_1/imports/PWF_0205.srcs/sources_1/imports/sources_1/imports/Reg.vhd"/>
        <Attr Name="ImportTime" Val="1746168596"/>
        <Attr Name="UsedIn" Val="synthesis"/>
        <Attr Name="UsedIn" Val="simulation"/>
      </FileInfo>
    </File>
    <File Path="$PSRCDIR/sources_1/imports/imports/Reg8x8.vhd">
      <FileInfo>
        <Attr Name="ImportPath" Val="$PPRDIR/../PWF_nt_0205/PWF_nt_0205.srcs/sources_1/imports/PWF_0205.srcs/sources_1/imports/sources_1/imports/Reg8x8.vhd"/>
        <Attr Name="ImportTime" Val="1746168596"/>
        <Attr Name="UsedIn" Val="synthesis"/>
        <Attr Name="UsedIn" Val="simulation"/>
      </FileInfo>
    </File>
    <File Path="$PSRCDIR/sources_1/imports/imports/RegisterFile.vhd">
      <FileInfo>
        <Attr Name="ImportPath" Val="$PPRDIR/../PWF_nt_0205/PWF_nt_0205.srcs/sources_1/imports/PWF_0205.srcs/sources_1/imports/sources_1/imports/RegisterFile.vhd"/>
        <Attr Name="ImportTime" Val="1746168596"/>
        <Attr Name="UsedIn" Val="synthesis"/>
        <Attr Name="UsedIn" Val="simulation"/>
      </FileInfo>
    </File>
    <File Path="$PSRCDIR/sources_1/imports/imports/RegisterR16.vhd">
      <FileInfo>
        <Attr Name="ImportPath" Val="$PPRDIR/../PWF_nt_0205/PWF_nt_0205.srcs/sources_1/imports/PWF_0205.srcs/sources_1/imports/sources_1/imports/RegisterR16.vhd"/>
        <Attr Name="ImportTime" Val="1746168596"/>
        <Attr Name="UsedIn" Val="synthesis"/>
        <Attr Name="UsedIn" Val="simulation"/>
      </FileInfo>
    </File>
    <File Path="$PSRCDIR/sources_1/imports/imports/Register_8bit.vhd">
      <FileInfo>
        <Attr Name="ImportPath" Val="$PPRDIR/../PWF_nt_0205/PWF_nt_0205.srcs/sources_1/imports/PWF_0205.srcs/sources_1/imports/sources_1/imports/Register_8bit.vhd"/>
        <Attr Name="ImportTime" Val="1746168596"/>
        <Attr Name="UsedIn" Val="synthesis"/>
        <Attr Name="UsedIn" Val="simulation"/>
      </FileInfo>
    </File>
    <File Path="$PSRCDIR/sources_1/imports/imports/SevenSeg.vhd">
      <FileInfo>
        <Attr Name="ImportPath" Val="$PPRDIR/../PWF_nt_0205/PWF_nt_0205.srcs/sources_1/imports/PWF_0205.srcs/sources_1/imports/sources_1/imports/SevenSeg.vhd"/>
        <Attr Name="ImportTime" Val="1746168596"/>
        <Attr Name="UsedIn" Val="synthesis"/>
        <Attr Name="UsedIn" Val="simulation"/>
      </FileInfo>
    </File>
    <File Path="$PSRCDIR/sources_1/imports/imports/Shifter.vhd">
      <FileInfo>
        <Attr Name="ImportPath" Val="$PPRDIR/../PWF_nt_0205/PWF_nt_0205.srcs/sources_1/imports/PWF_0205.srcs/sources_1/imports/sources_1/imports/Shifter.vhd"/>
        <Attr Name="ImportTime" Val="1746168596"/>
        <Attr Name="UsedIn" Val="synthesis"/>
        <Attr Name="UsedIn" Val="simulation"/>
      </FileInfo>
    </File>
    <File Path="$PSRCDIR/sources_1/imports/imports/SignExtender.vhd">
      <FileInfo>
        <Attr Name="ImportPath" Val="$PPRDIR/../PWF_nt_0205/PWF_nt_0205.srcs/sources_1/imports/PWF_0205.srcs/sources_1/imports/sources_1/imports/SignExtender.vhd"/>
        <Attr Name="ImportTime" Val="1746168596"/>
        <Attr Name="UsedIn" Val="synthesis"/>
        <Attr Name="UsedIn" Val="simulation"/>
      </FileInfo>
    </File>
    <File Path="$PSRCDIR/sources_1/imports/imports/ZeroFiller.vhd">
      <FileInfo>
        <Attr Name="ImportPath" Val="$PPRDIR/../PWF_nt_0205/PWF_nt_0205.srcs/sources_1/imports/PWF_0205.srcs/sources_1/imports/sources_1/imports/ZeroFiller.vhd"/>
        <Attr Name="ImportTime" Val="1746168597"/>
        <Attr Name="UsedIn" Val="synthesis"/>
        <Attr Name="UsedIn" Val="simulation"/>
      </FileInfo>
    </File>
    <File Path="$PSRCDIR/sources_1/imports/imports/ZeroFiller2.vhd">
      <FileInfo>
        <Attr Name="ImportPath" Val="$PPRDIR/../PWF_nt_0205/PWF_nt_0205.srcs/sources_1/imports/PWF_0205.srcs/sources_1/imports/sources_1/imports/ZeroFiller2.vhd"/>
        <Attr Name="ImportTime" Val="1746173379"/>
        <Attr Name="UsedIn" Val="synthesis"/>
        <Attr Name="UsedIn" Val="simulation"/>
      </FileInfo>
    </File>
    <File Path="$PSRCDIR/sources_1/imports/imports/blockRAM.vhd">
      <FileInfo>
        <Attr Name="ImportPath" Val="$PPRDIR/../PWF_nt_0205/PWF_nt_0205.srcs/sources_1/imports/PWF_0205.srcs/sources_1/imports/sources_1/imports/blockRAM.vhd"/>
        <Attr Name="ImportTime" Val="1746175233"/>
        <Attr Name="UsedIn" Val="synthesis"/>
        <Attr Name="UsedIn" Val="simulation"/>
      </FileInfo>
    </File>
    <File Path="$PSRCDIR/sources_1/imports/imports/d_ff_en_reset.vhd">
      <FileInfo>
        <Attr Name="ImportPath" Val="$PPRDIR/../PWF_nt_0205/PWF_nt_0205.srcs/sources_1/imports/PWF_0205.srcs/sources_1/imports/sources_1/imports/d_ff_en_reset.vhd"/>
        <Attr Name="ImportTime" Val="1746168595"/>
        <Attr Name="UsedIn" Val="synthesis"/>
        <Attr Name="UsedIn" Val="simulation"/>
      </FileInfo>
    </File>
    <File Path="$PSRCDIR/sources_1/imports/imports/decoder2to4.vhd">
      <FileInfo>
        <Attr Name="ImportPath" Val="$PPRDIR/../PWF_nt_0205/PWF_nt_0205.srcs/sources_1/imports/PWF_0205.srcs/sources_1/imports/sources_1/imports/decoder2to4.vhd"/>
        <Attr Name="ImportTime" Val="1746168595"/>
        <Attr Name="UsedIn" Val="synthesis"/>
        <Attr Name="UsedIn" Val="simulation"/>
      </FileInfo>
    </File>
    <File Path="$PSRCDIR/sources_1/new/PWF_top.vhd">
      <FileInfo>
        <Attr Name="UsedIn" Val="synthesis"/>
        <Attr Name="UsedIn" Val="simulation"/>
      </FileInfo>
    </File>
    <Config>
      <Option Name="DesignMode" Val="RTL"/>
      <Option Name="TopModule" Val="PWF_top"/>
      <Option Name="TopAutoSet" Val="TRUE"/>
    </Config>
  </FileSet>
  <FileSet Name="constrs_in" Type="Constrs" RelSrcDir="$PSRCDIR/constrs_1" RelGenDir="$PGENDIR/constrs_1">
    <Filter Type="Constrs"/>
    <File Path="$PSRCDIR/constrs_1/imports/Downloads/Nexys_4_DDR_Master.xdc">
      <FileInfo>
        <Attr Name="ImportPath" Val="$PPRDIR/../Downloads/Nexys_4_DDR_Master.xdc"/>
        <Attr Name="ImportTime" Val="1738922936"/>
        <Attr Name="UsedIn" Val="synthesis"/>
        <Attr Name="UsedIn" Val="implementation"/>
      </FileInfo>
    </File>
    <Config>
      <Option Name="ConstrsType" Val="XDC"/>
    </Config>
  </FileSet>
  <FileSet Name="utils" Type="Utils" RelSrcDir="$PSRCDIR/utils_1" RelGenDir="$PGENDIR/utils_1">
    <Filter Type="Utils"/>
    <File Path="$PSRCDIR/utils_1/imports/synth_1/PWF_top.dcp">
      <FileInfo>
        <Attr Name="UsedIn" Val="synthesis"/>
        <Attr Name="UsedIn" Val="implementation"/>
        <Attr Name="UsedInSteps" Val="synth_1"/>
        <Attr Name="AutoDcp" Val="1"/>
      </FileInfo>
    </File>
    <Config>
      <Option Name="TopAutoSet" Val="TRUE"/>
    </Config>
  </FileSet>
  <Strategy Version="1" Minor="2">
    <StratHandle Name="Vivado Implementation Defaults" Flow="Vivado Implementation 2024"/>
    <Step Id="init_design"/>
    <Step Id="opt_design"/>
    <Step Id="power_opt_design"/>
    <Step Id="place_design"/>
    <Step Id="post_place_power_opt_design"/>
    <Step Id="phys_opt_design"/>
    <Step Id="route_design"/>
    <Step Id="post_route_phys_opt_design"/>
    <Step Id="write_bitstream"/>
  </Strategy>
</GenRun>
